<?xml version="1.0" encoding="UTF-8"?>
<!DOCTYPE mapper
        PUBLIC "-//mybatis.org//DTD Mapper 3.0//EN"
        "http://mybatis.org/dtd/mybatis-3-mapper.dtd">
<mapper namespace="com.mindchat.backend.mapper.FileBoardMapper">

    <select id="getFileBoardList" resultType="com.mindchat.backend.domain.ProductInfo">
        SELECT * FROM tbl_product
        ORDER BY p_seq
    </select>

    <select id="fileBoardDetail" parameterType="int" resultType="com.mindchat.backend.domain.ProductInfo">
        SELECT * FROM tbl_product
        WHERE p_seq=#{p_seq}
    </select>

    <insert id="fileBoardInsert" parameterType="com.mindchat.backend.domain.ProductInfo" keyProperty="p_seq">
        INSERT INTO tbl_product(p_name, p_desc, p_price)
        VALUES(#{p_name}, #{p_desc}, #{p_price})
    </insert>

    <select id="fileDetail" parameterType="int" resultType="com.mindchat.backend.domain.ProductImgUploadVO">
        SELECT * FROM tbl_image WHERE p_seq=#{p_seq}
    </select>

    <update id="fileBoardUpdate" parameterType="com.mindchat.backend.domain.ProductInfo">
        UPDATE tbl_product SET
        <if test="p_name;  != null">p_name=#{p_name }</if>
        <if test="p_name;  != null and p_desc;  != null"></if>
        <if test="p_desc != null">p_desc=#{p_desc }</if>
        WHERE p_seq=#{p_seq}
    </update>

    <delete id="fileBoardDelete" parameterType="int">
        DELETE FROM tbl_product WHERE p_seq=#{p_seq}
    </delete>

    <insert id="fileInsert" parameterType="com.mindchat.backend.domain.ProductImgUploadVO">
        <selectKey keyProperty="p_seq" resultType="int" order="BEFORE">
            SELECT MAX(p_seq)
            FROM tbl_product
        </selectKey>
        INSERT INTO tbl_image(img_title , img_filename1 , img_file1 , img_file2 )
        VALUES(#{img_title}, #{img_filename1 }, #{img_file1 }, #{img_file2 })
    </insert>

    <delete id="fileDelete" parameterType="int">
        DELETE FROM tbl_image WHERE p_seq=#{p_seq}
    </delete>

</mapper>